INSERT INTO db_list_group
(company_code, group_code, "sequence", description, parent_group_code, active, created_by, created_date, created_program, updated_by, updated_date, updated_program)
VALUES('STD', 'WorkPerformanceList', 1, 'Work Performance List', NULL, true, 'Procedure_Copy', '2025-11-24 15:12:22.932', 'Procedure_Copy', NULL, NULL, NULL);
INSERT INTO db_list_group
(company_code, group_code, "sequence", description, parent_group_code, active, created_by, created_date, created_program, updated_by, updated_date, updated_program)
VALUES('KNEX', 'WorkPerformanceList', 1, 'Work Performance List', NULL, true, 'Procedure_Copy', '2025-11-24 15:12:22.932', 'Procedure_Copy', NULL, NULL, NULL);



INSERT INTO db_list_value
(company_code, group_code, value, description, parent_group_code, parent_value, "sequence", active, created_by, created_date, created_program, updated_by, updated_date, updated_program)
VALUES('KNEX', 'WorkPerformanceList', 'FALSE', 'Has No WorkPerformanceList', NULL, NULL, 2, true, 'Procedure_Copy', '2025-11-24 15:12:22.932', 'Procedure_Copy', NULL, NULL, NULL);
INSERT INTO db_list_value
(company_code, group_code, value, description, parent_group_code, parent_value, "sequence", active, created_by, created_date, created_program, updated_by, updated_date, updated_program)
VALUES('KNEX', 'WorkPerformanceList', 'TRUE', 'Has WorkPerformanceList', NULL, NULL, 1, true, 'Procedure_Copy', '2025-11-24 15:12:22.932 +0700', 'Procedure_Copy', NULL, NULL, NULL);
INSERT INTO db_list_value
(company_code, group_code, value, description, parent_group_code, parent_value, "sequence", active, created_by, created_date, created_program, updated_by, updated_date, updated_program)
VALUES('STD', 'WorkPerformanceList', 'FALSE', 'Has No WorkPerformanceList', NULL, NULL, 2, true, 'Procedure_Copy', '2025-11-24 15:12:22.932 +0700', 'Procedure_Copy', NULL, NULL, NULL);
INSERT INTO db_list_value
(company_code, group_code, value, description, parent_group_code, parent_value, "sequence", active, created_by, created_date, created_program, updated_by, updated_date, updated_program)
VALUES('STD', 'WorkPerformanceList', 'TRUE', 'Has WorkPerformanceList', NULL, NULL, 1, true, 'Procedure_Copy', '2025-11-24 15:12:22.932 +0700', 'Procedure_Copy', NULL, NULL, NULL);




INSERT INTO db_list_value_lang
(company_code, group_code, value, language_code, value_text, created_by, created_date, created_program, updated_by, updated_date, updated_program, value_json)
VALUES('KNEX', 'WorkPerformanceList', 'FALSE', 'EN', 'Has No Work Performance', 'Procedure_Copy', '2025-11-24 15:14:58.979', 'Procedure_Copy', NULL, NULL, NULL, NULL);
INSERT INTO db_list_value_lang
(company_code, group_code, value, language_code, value_text, created_by, created_date, created_program, updated_by, updated_date, updated_program, value_json)
VALUES('KNEX', 'WorkPerformanceList', 'FALSE', 'TH', 'ไม่มีบันทึกผลการปฏิบัติงาน', 'Procedure_Copy', '2025-11-24 15:14:58.979 +0700', 'Procedure_Copy', NULL, NULL, NULL, NULL);
INSERT INTO db_list_value_lang
(company_code, group_code, value, language_code, value_text, created_by, created_date, created_program, updated_by, updated_date, updated_program, value_json)
VALUES('KNEX', 'WorkPerformanceList', 'TRUE', 'EN', 'Has Work Performance', 'Procedure_Copy', '2025-11-24 15:14:58.979 +0700', 'Procedure_Copy', NULL, NULL, NULL, NULL);
INSERT INTO db_list_value_lang
(company_code, group_code, value, language_code, value_text, created_by, created_date, created_program, updated_by, updated_date, updated_program, value_json)
VALUES('KNEX', 'WorkPerformanceList', 'TRUE', 'TH', 'มีบันทึกผลการปฏิบัติงาน', 'Procedure_Copy', '2025-11-24 15:14:58.979 +0700', 'Procedure_Copy', NULL, NULL, NULL, NULL);
INSERT INTO db_list_value_lang
(company_code, group_code, value, language_code, value_text, created_by, created_date, created_program, updated_by, updated_date, updated_program, value_json)
VALUES('STD', 'WorkPerformanceList', 'FALSE', 'EN', 'Has No Work Performance', 'Procedure_Copy', '2025-11-24 15:14:58.979 +0700', 'Procedure_Copy', NULL, NULL, NULL, NULL);
INSERT INTO db_list_value_lang
(company_code, group_code, value, language_code, value_text, created_by, created_date, created_program, updated_by, updated_date, updated_program, value_json)
VALUES('STD', 'WorkPerformanceList', 'FALSE', 'TH', 'ไม่มีบันทึกผลการปฏิบัติงาน', 'Procedure_Copy', '2025-11-24 15:14:58.979 +0700', 'Procedure_Copy', NULL, NULL, NULL, NULL);
INSERT INTO db_list_value_lang
(company_code, group_code, value, language_code, value_text, created_by, created_date, created_program, updated_by, updated_date, updated_program, value_json)
VALUES('STD', 'WorkPerformanceList', 'TRUE', 'EN', 'Has Work Performance', 'Procedure_Copy', '2025-11-24 15:14:58.979 +0700', 'Procedure_Copy', NULL, NULL, NULL, NULL);
INSERT INTO db_list_value_lang
(company_code, group_code, value, language_code, value_text, created_by, created_date, created_program, updated_by, updated_date, updated_program, value_json)
VALUES('STD', 'WorkPerformanceList', 'TRUE', 'TH', 'มีบันทึกผลการปฏิบัติงาน', 'Procedure_Copy', '2025-11-24 15:14:58.979 +0700', 'Procedure_Copy', NULL, NULL, NULL, NULL);
